{"fsr3": [138.46666666666667, 59.637646574029795], "fsr2": [5.4, 1.942506971244462], "fsr1": [5.533333333333333, 12.311873221497295], "sensor1": [48.28906556911723, 1.0116720006203033], "sensor3": [29.470393368000153, 0.39715373467550119], "sensor2": [37.54063504169374, 0.6446088794710636], "sensor4": [32.27438466317349, 0.33626323141352787]}