{"fsr3": [0.0, 0.0], "fsr2": [9.666666666666666, 1.011050059206873], "fsr1": [712.3666666666667, 5.3446754396834537], "sensor1": [67.53389841990727, 2.6926564908689743], "sensor3": [17.221646995213614, 0.67870847739105078], "sensor2": [74.63078104017761, 1.3106417285219925], "sensor4": [15.627916711989563, 0.31666327761402663]}