{"fsr3": [0.0, 0.0], "fsr2": [67.46666666666667, 33.323398519492109], "fsr1": [784.4333333333333, 1.6669999666733313], "sensor1": [56.65024732708865, 1.5367802152432082], "sensor3": [20.755421814493094, 0.25648225059295149], "sensor2": [104.80363228286768, 0.91287715079946696], "sensor4": [11.438301251354156, 0.2644392837867176]}