{"fsr3": [0.0, 0.0], "fsr2": [0.0, 0.0], "fsr1": [768.9666666666667, 7.2502107249069354], "sensor1": [129.35547961018074, 1.9847739585909312], "sensor3": [6.135478378538085, 0.36815223204483227], "sensor2": [40.73810361165259, 0.71956294153794031], "sensor4": [15.754077891269263, 0.39903607153805981]}