{"fsr3": [73.0, 23.49468024894146], "fsr2": [348.46666666666664, 53.087809858342759], "fsr1": [784.4, 7.1114930452988112], "sensor1": [78.73434266250358, 3.676418911405217], "sensor3": [9.709923362681954, 0.12400803646935987], "sensor2": [72.98471683993935, 2.901014698853408], "sensor4": [10.134040850301782, 0.3344251875043126]}