{"fsr3": [0.0, 0.0], "fsr2": [27.666666666666668, 14.583857133450291], "fsr1": [732.3666666666667, 3.6284370678786146], "sensor1": [96.39364261519539, 3.4851564259160202], "sensor3": [9.778790265713328, 0.2522801076226881], "sensor2": [81.53057654591726, 2.2962426910527478], "sensor4": [10.431989095974, 0.18735553526516821]}