{"fsr3": [197.93333333333334, 35.303383533152861], "fsr2": [418.73333333333335, 64.226128293363246], "fsr1": [829.3666666666667, 5.0032211846191856], "sensor1": [76.3786574699593, 1.7647156549587402], "sensor3": [12.016257996021194, 0.12539796040163892], "sensor2": [68.78620291314708, 2.7003628471576371], "sensor4": [12.53223672039088, 0.12893368265651006]}